{
    "mse": 0.6450005003235478,
    "mae": 0.6551462834843994,
    "r2": 0.013014969842177981
}